
[
{
"id": 1,
"is_logged_in":1,
"title": "Cozzy Coffee Shop",
"address": "4700 Hart Country Lane Blue Ridge",
"price": "false",
"thumbnail": "img/cars/car-1.jpg",
"verified": false,
"latitude": -33.922125,
"longitude": 151.159277
}
,
{
"id": 2,
"is_logged_in":1,
"title": "Piano Lessons For Beginners",
"address": "3071 Ash Avenue Saint Louis",
"price": "$44.90",
"thumbnail": "img/cars/car-2.jpg",
"verified": true,
"latitude": -33.921480,
"longitude": 151.162852
}
,
{
"id": 3,
"is_logged_in":0,
"title": "Delicious Ocean Restaurant",
"address": "3827 Sycamore Lake Road Fremont",
"price": "$99.90",
"thumbnail": "img/cars/car-3.jpg",
"verified": false,
"latitude": -33.923803,
"longitude": 151.162723
}
,
{
"id": 4,
"is_logged_in":0,
"title": "Healthy Breakfast",
"address": "1148 Elk Rd Little Tucson",
"price": "$129.90",
"thumbnail": "img/cars/car-4.jpg",
"verified": true,
"latitude": -33.925335,
"longitude": 151.160577
}
,
{
"id": 5,
"is_logged_in":0,
"title": "London Trip",
"address": "1464 Briercliff Road Bronx",
"price": "$54.00",
"thumbnail": "img/cars/car-5.jpg",
"verified": false,
"latitude": -33.921329,
"longitude": 151.151071
}
,
{
"id": 6,
"is_logged_in":0,
"title": "Bio Vegatables",
"address": "4419 Railroad Street Marquette",
"price": "$77.40",
"thumbnail": "img/cars/car-6.jpg",
"verified": false,
"latitude": -33.923323,
"longitude": 151.157219
}
]
